YEAR,MONTH_NUM,FLT_DATE,APT_ICAO,APT_NAME,IFR_Departures,ATC_Pre_Delay_Min
2018,1,2018-01-01,LIPE,Bologna,65,115.0
2018,1,2018-01-02,LIPE,Bologna,90,37.0
2018,1,2018-01-03,LIPE,Bologna,89,77.0
2018,1,2018-01-04,LIPE,Bologna,96,34.0
2018,1,2018-01-05,LIPE,Bologna,91,26.0
2018,1,2018-01-06,LIPE,Bologna,75,45.0
2018,1,2018-01-07,LIPE,Bologna,80,35.0
2018,1,2018-01-08,LIPE,Bologna,90,45.0
2018,1,2018-01-09,LIPE,Bologna,90,51.0
2018,1,2018-01-10,LIPE,Bologna,84,47.0
2018,1,2018-01-11,LIPE,Bologna,90,44.0
2018,1,2018-01-12,LIPE,Bologna,87,17.0
2018,1,2018-01-13,LIPE,Bologna,73,24.0
2018,1,2018-01-14,LIPE,Bologna,74,15.0
2018,1,2018-01-15,LIPE,Bologna,90,42.0
2018,1,2018-01-16,LIPE,Bologna,89,37.0
2018,1,2018-01-17,LIPE,Bologna,92,49.0
2018,1,2018-01-18,LIPE,Bologna,91,48.0
2018,1,2018-01-19,LIPE,Bologna,79,18.0
2018,1,2018-01-20,LIPE,Bologna,75,73.0
2018,1,2018-01-21,LIPE,Bologna,79,25.0
2018,1,2018-01-22,LIPE,Bologna,88,43.0
2018,1,2018-01-23,LIPE,Bologna,86,15.0
2018,1,2018-01-24,LIPE,Bologna,82,22.0
2018,1,2018-01-25,LIPE,Bologna,91,33.0
2018,1,2018-01-26,LIPE,Bologna,93,14.0
2018,1,2018-01-27,LIPE,Bologna,69,45.0
2018,1,2018-01-28,LIPE,Bologna,77,3.0
2018,1,2018-01-29,LIPE,Bologna,94,102.0
2018,1,2018-01-30,LIPE,Bologna,86,66.0
2018,1,2018-01-31,LIPE,Bologna,93,48.0
2018,2,2018-02-01,LIPE,Bologna,86,123.0
2018,2,2018-02-02,LIPE,Bologna,92,36.0
2018,2,2018-02-03,LIPE,Bologna,67,25.0
2018,2,2018-02-04,LIPE,Bologna,76,16.0
2018,2,2018-02-05,LIPE,Bologna,95,28.0
2018,2,2018-02-06,LIPE,Bologna,86,31.0
2018,2,2018-02-07,LIPE,Bologna,84,43.0
2018,2,2018-02-08,LIPE,Bologna,88,49.0
2018,2,2018-02-09,LIPE,Bologna,96,55.0
2018,2,2018-02-10,LIPE,Bologna,72,27.0
2018,2,2018-02-11,LIPE,Bologna,75,16.0
2018,2,2018-02-12,LIPE,Bologna,94,25.0
2018,2,2018-02-13,LIPE,Bologna,90,29.0
2018,2,2018-02-14,LIPE,Bologna,85,42.0
2018,2,2018-02-15,LIPE,Bologna,90,34.0
2018,2,2018-02-16,LIPE,Bologna,91,23.0
2018,2,2018-02-17,LIPE,Bologna,75,33.0
2018,2,2018-02-18,LIPE,Bologna,79,18.0
2018,2,2018-02-19,LIPE,Bologna,90,30.0
2018,2,2018-02-20,LIPE,Bologna,90,46.0
2018,2,2018-02-21,LIPE,Bologna,90,32.0
2018,2,2018-02-22,LIPE,Bologna,94,67.0
2018,2,2018-02-23,LIPE,Bologna,92,25.0
2018,2,2018-02-24,LIPE,Bologna,74,23.0
2018,2,2018-02-25,LIPE,Bologna,76,35.0
2018,2,2018-02-26,LIPE,Bologna,92,56.0
2018,2,2018-02-27,LIPE,Bologna,89,52.0
2018,2,2018-02-28,LIPE,Bologna,89,51.0
2018,3,2018-03-01,LIPE,Bologna,58,216.0
2018,3,2018-03-02,LIPE,Bologna,77,63.0
2018,3,2018-03-03,LIPE,Bologna,78,26.0
2018,3,2018-03-04,LIPE,Bologna,82,48.0
2018,3,2018-03-05,LIPE,Bologna,97,40.0
2018,3,2018-03-06,LIPE,Bologna,93,25.0
2018,3,2018-03-07,LIPE,Bologna,94,33.0
2018,3,2018-03-08,LIPE,Bologna,77,75.0
2018,3,2018-03-09,LIPE,Bologna,100,30.0
2018,3,2018-03-10,LIPE,Bologna,78,11.0
2018,3,2018-03-11,LIPE,Bologna,82,27.0
2018,3,2018-03-12,LIPE,Bologna,99,51.0
2018,3,2018-03-13,LIPE,Bologna,98,27.0
2018,3,2018-03-14,LIPE,Bologna,93,28.0
2018,3,2018-03-15,LIPE,Bologna,103,24.0
2018,3,2018-03-16,LIPE,Bologna,101,34.0
2018,3,2018-03-17,LIPE,Bologna,78,26.0
2018,3,2018-03-18,LIPE,Bologna,80,23.0
2018,3,2018-03-19,LIPE,Bologna,97,77.0
2018,3,2018-03-20,LIPE,Bologna,96,65.0
2018,3,2018-03-21,LIPE,Bologna,89,34.0
2018,3,2018-03-22,LIPE,Bologna,95,32.0
2018,3,2018-03-23,LIPE,Bologna,98,31.0
2018,3,2018-03-24,LIPE,Bologna,76,23.0
2018,3,2018-03-25,LIPE,Bologna,92,56.0
2018,3,2018-03-26,LIPE,Bologna,102,34.0
2018,3,2018-03-27,LIPE,Bologna,101,29.0
2018,3,2018-03-28,LIPE,Bologna,111,59.0
2018,3,2018-03-29,LIPE,Bologna,103,57.0
2018,3,2018-03-30,LIPE,Bologna,108,98.0
2018,3,2018-03-31,LIPE,Bologna,87,21.0
2018,4,2018-04-01,LIPE,Bologna,85,30.0
2018,4,2018-04-02,LIPE,Bologna,92,34.0
2018,4,2018-04-03,LIPE,Bologna,96,167.0
2018,4,2018-04-04,LIPE,Bologna,102,46.0
2018,4,2018-04-05,LIPE,Bologna,107,35.0
2018,4,2018-04-06,LIPE,Bologna,108,18.0
2018,4,2018-04-07,LIPE,Bologna,87,21.0
2018,4,2018-04-08,LIPE,Bologna,61,34.0
2018,4,2018-04-09,LIPE,Bologna,110,81.0
2018,4,2018-04-10,LIPE,Bologna,94,17.0
2018,4,2018-04-11,LIPE,Bologna,103,18.0
2018,4,2018-04-12,LIPE,Bologna,103,45.0
2018,4,2018-04-13,LIPE,Bologna,107,76.0
2018,4,2018-04-14,LIPE,Bologna,86,42.0
2018,4,2018-04-15,LIPE,Bologna,92,56.0
2018,4,2018-04-16,LIPE,Bologna,105,56.0
2018,4,2018-04-17,LIPE,Bologna,97,22.0
2018,4,2018-04-18,LIPE,Bologna,104,13.0
2018,4,2018-04-19,LIPE,Bologna,103,42.0
2018,4,2018-04-20,LIPE,Bologna,106,64.0
2018,4,2018-04-21,LIPE,Bologna,94,26.0
2018,4,2018-04-22,LIPE,Bologna,98,15.0
2018,4,2018-04-23,LIPE,Bologna,105,37.0
2018,4,2018-04-24,LIPE,Bologna,97,23.0
2018,4,2018-04-25,LIPE,Bologna,99,41.0
2018,4,2018-04-26,LIPE,Bologna,104,39.0
2018,4,2018-04-27,LIPE,Bologna,109,41.0
2018,4,2018-04-28,LIPE,Bologna,93,16.0
2018,4,2018-04-29,LIPE,Bologna,93,6.0
2018,4,2018-04-30,LIPE,Bologna,113,51.0
2018,5,2018-05-01,LIPE,Bologna,92,11.0
2018,5,2018-05-02,LIPE,Bologna,109,34.0
2018,5,2018-05-03,LIPE,Bologna,100,23.0
2018,5,2018-05-04,LIPE,Bologna,105,38.0
2018,5,2018-05-05,LIPE,Bologna,90,5.0
2018,5,2018-05-06,LIPE,Bologna,94,46.0
2018,5,2018-05-07,LIPE,Bologna,104,51.0
2018,5,2018-05-08,LIPE,Bologna,66,223.0
2018,5,2018-05-09,LIPE,Bologna,104,42.0
2018,5,2018-05-10,LIPE,Bologna,96,62.0
2018,5,2018-05-11,LIPE,Bologna,102,82.0
2018,5,2018-05-12,LIPE,Bologna,91,21.0
2018,5,2018-05-13,LIPE,Bologna,104,10.0
2018,5,2018-05-14,LIPE,Bologna,105,54.0
2018,5,2018-05-15,LIPE,Bologna,94,26.0
2018,5,2018-05-16,LIPE,Bologna,106,80.0
2018,5,2018-05-17,LIPE,Bologna,97,49.0
2018,5,2018-05-18,LIPE,Bologna,110,36.0
2018,5,2018-05-19,LIPE,Bologna,91,5.0
2018,5,2018-05-20,LIPE,Bologna,95,19.0
2018,5,2018-05-21,LIPE,Bologna,105,29.0
2018,5,2018-05-22,LIPE,Bologna,95,14.0
2018,5,2018-05-23,LIPE,Bologna,104,58.0
2018,5,2018-05-24,LIPE,Bologna,101,12.0
2018,5,2018-05-25,LIPE,Bologna,117,47.0
2018,5,2018-05-26,LIPE,Bologna,96,0.0
2018,5,2018-05-27,LIPE,Bologna,94,27.0
2018,5,2018-05-28,LIPE,Bologna,109,33.0
2018,5,2018-05-29,LIPE,Bologna,96,34.0
2018,5,2018-05-30,LIPE,Bologna,103,23.0
2018,5,2018-05-31,LIPE,Bologna,99,24.0
2018,6,2018-06-01,LIPE,Bologna,113,57.0
2018,6,2018-06-02,LIPE,Bologna,95,28.0
2018,6,2018-06-03,LIPE,Bologna,104,28.0
2018,6,2018-06-04,LIPE,Bologna,105,19.0
2018,6,2018-06-05,LIPE,Bologna,110,23.0
2018,6,2018-06-06,LIPE,Bologna,103,22.0
2018,6,2018-06-07,LIPE,Bologna,106,22.0
2018,6,2018-06-08,LIPE,Bologna,96,32.0
2018,6,2018-06-09,LIPE,Bologna,105,58.0
2018,6,2018-06-10,LIPE,Bologna,107,84.0
2018,6,2018-06-11,LIPE,Bologna,107,62.0
2018,6,2018-06-12,LIPE,Bologna,108,23.0
2018,6,2018-06-13,LIPE,Bologna,101,18.0
2018,6,2018-06-14,LIPE,Bologna,108,28.0
2018,6,2018-06-15,LIPE,Bologna,118,127.0
2018,6,2018-06-16,LIPE,Bologna,104,35.0
2018,6,2018-06-17,LIPE,Bologna,108,41.0
2018,6,2018-06-18,LIPE,Bologna,114,36.0
2018,6,2018-06-19,LIPE,Bologna,113,9.0
2018,6,2018-06-20,LIPE,Bologna,113,23.0
2018,6,2018-06-21,LIPE,Bologna,109,40.0
2018,6,2018-06-22,LIPE,Bologna,125,24.0
2018,6,2018-06-23,LIPE,Bologna,101,21.0
2018,6,2018-06-24,LIPE,Bologna,119,61.0
2018,6,2018-06-25,LIPE,Bologna,116,34.0
2018,6,2018-06-26,LIPE,Bologna,115,5.0
2018,6,2018-06-27,LIPE,Bologna,112,42.0
2018,6,2018-06-28,LIPE,Bologna,111,47.0
2018,6,2018-06-29,LIPE,Bologna,124,43.0
2018,6,2018-06-30,LIPE,Bologna,109,25.0
2018,7,2018-07-01,LIPE,Bologna,116,26.0
2018,7,2018-07-02,LIPE,Bologna,114,35.0
2018,7,2018-07-03,LIPE,Bologna,102,27.0
2018,7,2018-07-04,LIPE,Bologna,110,17.0
2018,7,2018-07-05,LIPE,Bologna,117,30.0
2018,7,2018-07-06,LIPE,Bologna,116,24.0
2018,7,2018-07-07,LIPE,Bologna,102,28.0
2018,7,2018-07-08,LIPE,Bologna,119,32.0
2018,7,2018-07-09,LIPE,Bologna,115,33.0
2018,7,2018-07-10,LIPE,Bologna,106,40.0
2018,7,2018-07-11,LIPE,Bologna,104,48.0
2018,7,2018-07-12,LIPE,Bologna,116,34.0
2018,7,2018-07-13,LIPE,Bologna,125,19.0
2018,7,2018-07-14,LIPE,Bologna,110,16.0
2018,7,2018-07-15,LIPE,Bologna,118,65.0
2018,7,2018-07-16,LIPE,Bologna,104,27.0
2018,7,2018-07-17,LIPE,Bologna,106,16.0
2018,7,2018-07-18,LIPE,Bologna,108,66.0
2018,7,2018-07-19,LIPE,Bologna,111,26.0
2018,7,2018-07-20,LIPE,Bologna,121,21.0
2018,7,2018-07-21,LIPE,Bologna,101,22.0
2018,7,2018-07-22,LIPE,Bologna,109,54.0
2018,7,2018-07-23,LIPE,Bologna,113,85.0
2018,7,2018-07-24,LIPE,Bologna,113,49.0
2018,7,2018-07-25,LIPE,Bologna,85,24.0
2018,7,2018-07-26,LIPE,Bologna,106,37.0
2018,7,2018-07-27,LIPE,Bologna,115,66.0
2018,7,2018-07-28,LIPE,Bologna,104,16.0
2018,7,2018-07-29,LIPE,Bologna,111,10.0
2018,7,2018-07-30,LIPE,Bologna,111,69.0
2018,7,2018-07-31,LIPE,Bologna,114,19.0
2018,8,2018-08-01,LIPE,Bologna,105,6.0
2018,8,2018-08-02,LIPE,Bologna,107,29.0
2018,8,2018-08-03,LIPE,Bologna,114,44.0
2018,8,2018-08-04,LIPE,Bologna,110,25.0
2018,8,2018-08-05,LIPE,Bologna,111,48.0
2018,8,2018-08-06,LIPE,Bologna,109,21.0
2018,8,2018-08-07,LIPE,Bologna,114,24.0
2018,8,2018-08-08,LIPE,Bologna,108,47.0
2018,8,2018-08-09,LIPE,Bologna,102,21.0
2018,8,2018-08-10,LIPE,Bologna,108,58.0
2018,8,2018-08-11,LIPE,Bologna,109,31.0
2018,8,2018-08-12,LIPE,Bologna,111,34.0
2018,8,2018-08-13,LIPE,Bologna,109,28.0
2018,8,2018-08-14,LIPE,Bologna,105,0.0
2018,8,2018-08-15,LIPE,Bologna,94,12.0
2018,8,2018-08-16,LIPE,Bologna,96,31.0
2018,8,2018-08-17,LIPE,Bologna,107,50.0
2018,8,2018-08-18,LIPE,Bologna,103,7.0
2018,8,2018-08-19,LIPE,Bologna,113,20.0
2018,8,2018-08-20,LIPE,Bologna,111,8.0
2018,8,2018-08-21,LIPE,Bologna,104,14.0
2018,8,2018-08-22,LIPE,Bologna,101,41.0
2018,8,2018-08-23,LIPE,Bologna,104,48.0
2018,8,2018-08-24,LIPE,Bologna,106,24.0
2018,8,2018-08-25,LIPE,Bologna,106,46.0
2018,8,2018-08-26,LIPE,Bologna,111,8.0
2018,8,2018-08-27,LIPE,Bologna,123,17.0
2018,8,2018-08-28,LIPE,Bologna,110,19.0
2018,8,2018-08-29,LIPE,Bologna,112,21.0
2018,8,2018-08-30,LIPE,Bologna,107,68.0
2018,8,2018-08-31,LIPE,Bologna,117,35.0
2018,9,2018-09-01,LIPE,Bologna,102,4.0
2018,9,2018-09-02,LIPE,Bologna,106,20.0
2018,9,2018-09-03,LIPE,Bologna,119,24.0
2018,9,2018-09-04,LIPE,Bologna,115,42.0
2018,9,2018-09-05,LIPE,Bologna,114,42.0
2018,9,2018-09-06,LIPE,Bologna,118,19.0
2018,9,2018-09-07,LIPE,Bologna,124,65.0
2018,9,2018-09-08,LIPE,Bologna,105,31.0
2018,9,2018-09-09,LIPE,Bologna,119,59.0
2018,9,2018-09-10,LIPE,Bologna,116,32.0
2018,9,2018-09-11,LIPE,Bologna,114,36.0
2018,9,2018-09-12,LIPE,Bologna,111,54.0
2018,9,2018-09-13,LIPE,Bologna,123,40.0
2018,9,2018-09-18,LIPE,Bologna,100,34.0
2018,9,2018-09-19,LIPE,Bologna,125,15.0
2018,9,2018-09-20,LIPE,Bologna,115,16.0
2018,9,2018-09-21,LIPE,Bologna,116,28.0
2018,9,2018-09-22,LIPE,Bologna,101,3.0
2018,9,2018-09-23,LIPE,Bologna,120,32.0
2018,9,2018-09-24,LIPE,Bologna,120,23.0
2018,9,2018-09-25,LIPE,Bologna,122,48.0
2018,9,2018-09-26,LIPE,Bologna,117,187.0
2018,9,2018-09-27,LIPE,Bologna,115,31.0
2018,9,2018-09-28,LIPE,Bologna,118,61.0
2018,9,2018-09-29,LIPE,Bologna,108,178.0
2018,9,2018-09-30,LIPE,Bologna,113,15.0
2018,10,2018-10-01,LIPE,Bologna,107,39.0
2018,10,2018-10-02,LIPE,Bologna,102,25.0
2018,10,2018-10-03,LIPE,Bologna,108,47.0
2018,10,2018-10-04,LIPE,Bologna,105,55.0
2018,10,2018-10-05,LIPE,Bologna,110,15.0
2018,10,2018-10-06,LIPE,Bologna,90,9.0
2018,10,2018-10-07,LIPE,Bologna,98,22.0
2018,10,2018-10-08,LIPE,Bologna,107,31.0
2018,10,2018-10-09,LIPE,Bologna,102,18.0
2018,10,2018-10-10,LIPE,Bologna,106,5.0
2018,10,2018-10-11,LIPE,Bologna,112,37.0
2018,10,2018-10-12,LIPE,Bologna,112,23.0
2018,10,2018-10-13,LIPE,Bologna,89,16.0
2018,10,2018-10-14,LIPE,Bologna,103,21.0
2018,10,2018-10-15,LIPE,Bologna,109,15.0
2018,10,2018-10-16,LIPE,Bologna,103,19.0
2018,10,2018-10-17,LIPE,Bologna,105,18.0
2018,10,2018-10-18,LIPE,Bologna,108,12.0
2018,10,2018-10-19,LIPE,Bologna,110,21.0
2018,10,2018-10-20,LIPE,Bologna,86,9.0
2018,10,2018-10-21,LIPE,Bologna,101,32.0
2018,10,2018-10-22,LIPE,Bologna,111,26.0
2018,10,2018-10-23,LIPE,Bologna,102,32.0
2018,10,2018-10-24,LIPE,Bologna,111,19.0
2018,10,2018-10-25,LIPE,Bologna,110,10.0
2018,10,2018-10-26,LIPE,Bologna,101,17.0
2018,10,2018-10-27,LIPE,Bologna,89,25.0
2018,10,2018-10-28,LIPE,Bologna,95,11.0
2018,10,2018-10-29,LIPE,Bologna,108,20.0
2018,10,2018-10-30,LIPE,Bologna,94,37.0
2018,10,2018-10-31,LIPE,Bologna,96,36.0
2018,11,2018-11-01,LIPE,Bologna,88,56.0
2018,11,2018-11-02,LIPE,Bologna,95,28.0
2018,11,2018-11-03,LIPE,Bologna,85,26.0
2018,11,2018-11-04,LIPE,Bologna,87,23.0
2018,11,2018-11-05,LIPE,Bologna,105,31.0
2018,11,2018-11-06,LIPE,Bologna,95,42.0
2018,11,2018-11-07,LIPE,Bologna,94,26.0
2018,11,2018-11-08,LIPE,Bologna,97,27.0
2018,11,2018-11-09,LIPE,Bologna,104,21.0
2018,11,2018-11-10,LIPE,Bologna,92,13.0
2018,11,2018-11-11,LIPE,Bologna,92,21.0
2018,11,2018-11-12,LIPE,Bologna,112,44.0
2018,11,2018-11-13,LIPE,Bologna,96,33.0
2018,11,2018-11-14,LIPE,Bologna,101,35.0
2018,11,2018-11-15,LIPE,Bologna,95,62.0
2018,11,2018-11-16,LIPE,Bologna,104,12.0
2018,11,2018-11-17,LIPE,Bologna,85,29.0
2018,11,2018-11-18,LIPE,Bologna,86,30.0
2018,11,2018-11-19,LIPE,Bologna,98,18.0
2018,11,2018-11-20,LIPE,Bologna,90,30.0
2018,11,2018-11-21,LIPE,Bologna,96,12.0
2018,11,2018-11-22,LIPE,Bologna,98,11.0
2018,11,2018-11-23,LIPE,Bologna,94,46.0
2018,11,2018-11-24,LIPE,Bologna,83,22.0
2018,11,2018-11-25,LIPE,Bologna,91,26.0
2018,11,2018-11-26,LIPE,Bologna,104,49.0
2018,11,2018-11-27,LIPE,Bologna,94,53.0
2018,11,2018-11-28,LIPE,Bologna,95,15.0
2018,11,2018-11-29,LIPE,Bologna,99,19.0
2018,11,2018-11-30,LIPE,Bologna,101,26.0
2018,12,2018-12-01,LIPE,Bologna,82,33.0
2018,12,2018-12-02,LIPE,Bologna,81,6.0
2018,12,2018-12-03,LIPE,Bologna,104,32.0
2018,12,2018-12-04,LIPE,Bologna,97,17.0
2018,12,2018-12-05,LIPE,Bologna,104,8.0
2018,12,2018-12-06,LIPE,Bologna,96,10.0
2018,12,2018-12-07,LIPE,Bologna,97,48.0
2018,12,2018-12-08,LIPE,Bologna,76,34.0
2018,12,2018-12-09,LIPE,Bologna,81,21.0
2018,12,2018-12-10,LIPE,Bologna,98,32.0
2018,12,2018-12-11,LIPE,Bologna,89,30.0
2018,12,2018-12-12,LIPE,Bologna,97,50.0
2018,12,2018-12-13,LIPE,Bologna,94,57.0
2018,12,2018-12-14,LIPE,Bologna,101,49.0
2018,12,2018-12-15,LIPE,Bologna,84,55.0
2018,12,2018-12-16,LIPE,Bologna,76,20.0
2018,12,2018-12-17,LIPE,Bologna,108,15.0
2018,12,2018-12-18,LIPE,Bologna,96,68.0
2018,12,2018-12-19,LIPE,Bologna,95,60.0
2018,12,2018-12-20,LIPE,Bologna,109,51.0
2018,12,2018-12-21,LIPE,Bologna,111,97.0
2018,12,2018-12-22,LIPE,Bologna,95,31.0
2018,12,2018-12-23,LIPE,Bologna,88,40.0
2018,12,2018-12-24,LIPE,Bologna,67,24.0
2018,12,2018-12-25,LIPE,Bologna,32,3.0
2018,12,2018-12-26,LIPE,Bologna,72,33.0
2018,12,2018-12-27,LIPE,Bologna,96,67.0
2018,12,2018-12-28,LIPE,Bologna,99,41.0
2018,12,2018-12-29,LIPE,Bologna,88,28.0
2018,12,2018-12-30,LIPE,Bologna,87,44.0
2018,12,2018-12-31,LIPE,Bologna,68,29.0
2019,1,2019-01-01,LIPE,Bologna,68,25.0
2019,1,2019-01-02,LIPE,Bologna,95,52.0
2019,1,2019-01-03,LIPE,Bologna,95,59.0
2019,1,2019-01-04,LIPE,Bologna,96,42.0
2019,1,2019-01-05,LIPE,Bologna,82,52.0
2019,1,2019-01-06,LIPE,Bologna,87,34.0
2019,1,2019-01-07,LIPE,Bologna,100,34.0
2019,1,2019-01-08,LIPE,Bologna,86,80.0
2019,1,2019-01-09,LIPE,Bologna,97,24.0
2019,1,2019-01-10,LIPE,Bologna,93,27.0
2019,1,2019-01-11,LIPE,Bologna,85,300.0
2019,1,2019-01-12,LIPE,Bologna,79,78.0
2019,1,2019-01-13,LIPE,Bologna,82,23.0
2019,1,2019-01-14,LIPE,Bologna,97,41.0
2019,1,2019-01-15,LIPE,Bologna,81,25.0
2019,1,2019-01-16,LIPE,Bologna,90,32.0
2019,1,2019-01-17,LIPE,Bologna,89,58.0
2019,1,2019-01-18,LIPE,Bologna,106,48.0
2019,1,2019-01-19,LIPE,Bologna,81,35.0
2019,1,2019-01-20,LIPE,Bologna,88,24.0
2019,1,2019-01-21,LIPE,Bologna,100,41.0
2019,1,2019-01-22,LIPE,Bologna,89,212.0
2019,1,2019-01-23,LIPE,Bologna,91,51.0
2019,1,2019-01-24,LIPE,Bologna,92,47.0
2019,1,2019-01-25,LIPE,Bologna,98,30.0
2019,1,2019-01-26,LIPE,Bologna,79,11.0
2019,1,2019-01-27,LIPE,Bologna,88,0.0
2019,1,2019-01-28,LIPE,Bologna,105,46.0
2019,1,2019-01-29,LIPE,Bologna,86,22.0
2019,1,2019-01-30,LIPE,Bologna,78,29.0
2019,1,2019-01-31,LIPE,Bologna,99,23.0
2019,2,2019-02-01,LIPE,Bologna,100,15.0
2019,2,2019-02-02,LIPE,Bologna,75,4.0
2019,2,2019-02-03,LIPE,Bologna,85,21.0
2019,2,2019-02-04,LIPE,Bologna,103,47.0
2019,2,2019-02-05,LIPE,Bologna,89,25.0
2019,2,2019-02-06,LIPE,Bologna,94,39.0
2019,2,2019-02-07,LIPE,Bologna,101,14.0
2019,2,2019-02-08,LIPE,Bologna,108,18.0
2019,2,2019-02-09,LIPE,Bologna,82,12.0
2019,2,2019-02-10,LIPE,Bologna,83,23.0
2019,2,2019-02-11,LIPE,Bologna,103,30.0
2019,2,2019-02-12,LIPE,Bologna,75,734.0
2019,2,2019-02-13,LIPE,Bologna,91,13.0
2019,2,2019-02-14,LIPE,Bologna,100,18.0
2019,2,2019-02-15,LIPE,Bologna,114,46.0
2019,2,2019-02-16,LIPE,Bologna,84,17.0
2019,2,2019-02-17,LIPE,Bologna,82,23.0
2019,2,2019-02-18,LIPE,Bologna,106,54.0
2019,2,2019-02-19,LIPE,Bologna,93,10.0
2019,2,2019-02-20,LIPE,Bologna,95,81.0
2019,2,2019-02-21,LIPE,Bologna,93,33.0
2019,2,2019-02-22,LIPE,Bologna,100,28.0
2019,2,2019-02-23,LIPE,Bologna,90,44.0
2019,2,2019-02-24,LIPE,Bologna,95,16.0
2019,2,2019-02-25,LIPE,Bologna,101,40.0
2019,2,2019-02-26,LIPE,Bologna,95,42.0
2019,2,2019-02-27,LIPE,Bologna,97,11.0
2019,2,2019-02-28,LIPE,Bologna,94,47.0
2019,3,2019-03-01,LIPE,Bologna,105,39.0
2019,3,2019-03-02,LIPE,Bologna,97,23.0
2019,3,2019-03-03,LIPE,Bologna,89,29.0
2019,3,2019-03-04,LIPE,Bologna,108,31.0
2019,3,2019-03-05,LIPE,Bologna,95,31.0
2019,3,2019-03-06,LIPE,Bologna,95,25.0
2019,3,2019-03-07,LIPE,Bologna,105,54.0
2019,3,2019-03-08,LIPE,Bologna,101,5.0
2019,3,2019-03-09,LIPE,Bologna,89,22.0
2019,3,2019-03-10,LIPE,Bologna,91,13.0
2019,3,2019-03-11,LIPE,Bologna,105,37.0
2019,3,2019-03-12,LIPE,Bologna,93,20.0
2019,3,2019-03-13,LIPE,Bologna,97,45.0
2019,3,2019-03-14,LIPE,Bologna,103,111.0
2019,3,2019-03-15,LIPE,Bologna,108,33.0
2019,3,2019-03-16,LIPE,Bologna,92,9.0
2019,3,2019-03-17,LIPE,Bologna,90,35.0
2019,3,2019-03-18,LIPE,Bologna,108,38.0
2019,3,2019-03-19,LIPE,Bologna,97,7.0
2019,3,2019-03-20,LIPE,Bologna,103,6.0
2019,3,2019-03-21,LIPE,Bologna,98,89.0
2019,3,2019-03-22,LIPE,Bologna,106,7.0
2019,3,2019-03-23,LIPE,Bologna,85,4.0
2019,3,2019-03-24,LIPE,Bologna,90,45.0
2019,3,2019-03-25,LIPE,Bologna,95,45.0
2019,3,2019-03-26,LIPE,Bologna,100,26.0
2019,3,2019-03-27,LIPE,Bologna,102,26.0
2019,3,2019-03-28,LIPE,Bologna,101,47.0
2019,3,2019-03-29,LIPE,Bologna,103,113.0
2019,3,2019-03-30,LIPE,Bologna,84,26.0
2019,3,2019-03-31,LIPE,Bologna,103,14.0
2019,4,2019-04-01,LIPE,Bologna,113,43.0
2019,4,2019-04-02,LIPE,Bologna,108,31.0
2019,4,2019-04-03,LIPE,Bologna,105,26.0
2019,4,2019-04-04,LIPE,Bologna,115,20.0
2019,4,2019-04-05,LIPE,Bologna,116,75.0
2019,4,2019-04-06,LIPE,Bologna,96,20.0
2019,4,2019-04-07,LIPE,Bologna,101,16.0
2019,4,2019-04-08,LIPE,Bologna,111,49.0
2019,4,2019-04-09,LIPE,Bologna,110,11.0
2019,4,2019-04-10,LIPE,Bologna,108,9.0
2019,4,2019-04-11,LIPE,Bologna,111,22.0
2019,4,2019-04-12,LIPE,Bologna,110,23.0
2019,4,2019-04-13,LIPE,Bologna,103,72.0
2019,4,2019-04-14,LIPE,Bologna,108,174.0
2019,4,2019-04-15,LIPE,Bologna,108,22.0
2019,4,2019-04-16,LIPE,Bologna,113,9.0
2019,4,2019-04-17,LIPE,Bologna,108,25.0
2019,4,2019-04-18,LIPE,Bologna,115,71.0
2019,4,2019-04-19,LIPE,Bologna,120,38.0
2019,4,2019-04-20,LIPE,Bologna,100,59.0
2019,4,2019-04-21,LIPE,Bologna,97,74.0
2019,4,2019-04-22,LIPE,Bologna,104,38.0
2019,4,2019-04-23,LIPE,Bologna,115,19.0
2019,4,2019-04-24,LIPE,Bologna,110,53.0
2019,4,2019-04-25,LIPE,Bologna,107,51.0
2019,4,2019-04-26,LIPE,Bologna,116,74.0
2019,4,2019-04-27,LIPE,Bologna,99,24.0
2019,4,2019-04-28,LIPE,Bologna,106,125.0
2019,4,2019-04-29,LIPE,Bologna,111,139.0
2019,4,2019-04-30,LIPE,Bologna,111,122.0
2019,5,2019-05-01,LIPE,Bologna,105,38.0
2019,5,2019-05-02,LIPE,Bologna,116,47.0
2019,5,2019-05-03,LIPE,Bologna,117,98.0
2019,5,2019-05-04,LIPE,Bologna,104,5.0
2019,5,2019-05-05,LIPE,Bologna,109,34.0
2019,5,2019-05-06,LIPE,Bologna,113,372.0
2019,5,2019-05-07,LIPE,Bologna,110,14.0
2019,5,2019-05-08,LIPE,Bologna,110,4.0
2019,5,2019-05-09,LIPE,Bologna,107,4.0
2019,5,2019-05-10,LIPE,Bologna,115,10.0
2019,5,2019-05-11,LIPE,Bologna,113,17.0
2019,5,2019-05-12,LIPE,Bologna,113,59.0
2019,5,2019-05-13,LIPE,Bologna,114,19.0
2019,5,2019-05-14,LIPE,Bologna,104,33.0
2019,5,2019-05-15,LIPE,Bologna,114,4.0
2019,5,2019-05-16,LIPE,Bologna,113,63.0
2019,5,2019-05-17,LIPE,Bologna,113,17.0
2019,5,2019-05-18,LIPE,Bologna,106,33.0
2019,5,2019-05-19,LIPE,Bologna,106,35.0
2019,5,2019-05-20,LIPE,Bologna,119,39.0
2019,5,2019-05-21,LIPE,Bologna,76,15.0
2019,5,2019-05-22,LIPE,Bologna,112,33.0
2019,5,2019-05-23,LIPE,Bologna,108,43.0
2019,5,2019-05-24,LIPE,Bologna,114,25.0
2019,5,2019-05-25,LIPE,Bologna,105,193.0
2019,5,2019-05-26,LIPE,Bologna,105,47.0
2019,5,2019-05-27,LIPE,Bologna,115,40.0
2019,5,2019-05-28,LIPE,Bologna,107,28.0
2019,5,2019-05-29,LIPE,Bologna,121,32.0
2019,5,2019-05-30,LIPE,Bologna,115,45.0
2019,5,2019-05-31,LIPE,Bologna,125,51.0
2019,6,2019-06-01,LIPE,Bologna,109,19.0
2019,6,2019-06-02,LIPE,Bologna,113,25.0
2019,6,2019-06-03,LIPE,Bologna,121,48.0
2019,6,2019-06-04,LIPE,Bologna,113,37.0
2019,6,2019-06-05,LIPE,Bologna,110,57.0
2019,6,2019-06-06,LIPE,Bologna,119,44.0
2019,6,2019-06-07,LIPE,Bologna,115,21.0
2019,6,2019-06-08,LIPE,Bologna,108,18.0
2019,6,2019-06-09,LIPE,Bologna,108,44.0
2019,6,2019-06-10,LIPE,Bologna,122,64.0
2019,6,2019-06-11,LIPE,Bologna,112,54.0
2019,6,2019-06-12,LIPE,Bologna,116,41.0
2019,6,2019-06-13,LIPE,Bologna,119,32.0
2019,6,2019-06-14,LIPE,Bologna,116,20.0
2019,6,2019-06-15,LIPE,Bologna,107,13.0
2019,6,2019-06-16,LIPE,Bologna,113,31.0
2019,6,2019-06-17,LIPE,Bologna,122,64.0
2019,6,2019-06-18,LIPE,Bologna,114,43.0
2019,6,2019-06-19,LIPE,Bologna,116,26.0
2019,6,2019-06-20,LIPE,Bologna,116,36.0
2019,6,2019-06-21,LIPE,Bologna,120,23.0
2019,6,2019-06-22,LIPE,Bologna,109,16.0
2019,6,2019-06-23,LIPE,Bologna,120,49.0
2019,6,2019-06-24,LIPE,Bologna,126,99.0
2019,6,2019-06-25,LIPE,Bologna,113,47.0
2019,6,2019-06-26,LIPE,Bologna,120,47.0
2019,6,2019-06-27,LIPE,Bologna,117,22.0
2019,6,2019-06-28,LIPE,Bologna,131,70.0
2019,6,2019-06-29,LIPE,Bologna,119,89.0
2019,6,2019-06-30,LIPE,Bologna,122,65.0
2019,7,2019-07-01,LIPE,Bologna,128,68.0
2019,7,2019-07-02,LIPE,Bologna,111,35.0
2019,7,2019-07-03,LIPE,Bologna,125,13.0
2019,7,2019-07-04,LIPE,Bologna,116,15.0
2019,7,2019-07-05,LIPE,Bologna,126,16.0
2019,7,2019-07-06,LIPE,Bologna,113,118.0
2019,7,2019-07-07,LIPE,Bologna,128,38.0
2019,7,2019-07-08,LIPE,Bologna,127,65.0
2019,7,2019-07-09,LIPE,Bologna,111,89.0
2019,7,2019-07-10,LIPE,Bologna,117,39.0
2019,7,2019-07-11,LIPE,Bologna,122,16.0
2019,7,2019-07-12,LIPE,Bologna,121,19.0
2019,7,2019-07-13,LIPE,Bologna,119,28.0
2019,7,2019-07-14,LIPE,Bologna,117,22.0
2019,7,2019-07-15,LIPE,Bologna,127,49.0
2019,7,2019-07-16,LIPE,Bologna,113,44.0
2019,7,2019-07-17,LIPE,Bologna,114,12.0
2019,7,2019-07-18,LIPE,Bologna,113,28.0
2019,7,2019-07-19,LIPE,Bologna,125,21.0
2019,7,2019-07-20,LIPE,Bologna,106,22.0
2019,7,2019-07-21,LIPE,Bologna,115,6.0
2019,7,2019-07-22,LIPE,Bologna,122,48.0
2019,7,2019-07-23,LIPE,Bologna,114,22.0
2019,7,2019-07-24,LIPE,Bologna,118,22.0
2019,7,2019-07-25,LIPE,Bologna,113,30.0
2019,7,2019-07-26,LIPE,Bologna,119,38.0
2019,7,2019-07-27,LIPE,Bologna,115,2.0
2019,7,2019-07-28,LIPE,Bologna,122,98.0
2019,7,2019-07-29,LIPE,Bologna,133,29.0
2019,7,2019-07-30,LIPE,Bologna,113,43.0
2019,7,2019-07-31,LIPE,Bologna,113,14.0
2019,8,2019-08-01,LIPE,Bologna,108,52.0
2019,8,2019-08-02,LIPE,Bologna,117,128.0
2019,8,2019-08-03,LIPE,Bologna,113,58.0
2019,8,2019-08-04,LIPE,Bologna,119,52.0
2019,8,2019-08-05,LIPE,Bologna,120,40.0
2019,8,2019-08-06,LIPE,Bologna,113,13.0
2019,8,2019-08-07,LIPE,Bologna,114,18.0
2019,8,2019-08-08,LIPE,Bologna,108,22.0
2019,8,2019-08-09,LIPE,Bologna,113,9.0
2019,8,2019-08-10,LIPE,Bologna,112,17.0
2019,8,2019-08-11,LIPE,Bologna,114,35.0
2019,8,2019-08-12,LIPE,Bologna,118,23.0
2019,8,2019-08-13,LIPE,Bologna,107,71.0
2019,8,2019-08-14,LIPE,Bologna,106,23.0
2019,8,2019-08-15,LIPE,Bologna,101,20.0
2019,8,2019-08-16,LIPE,Bologna,105,24.0
2019,8,2019-08-17,LIPE,Bologna,113,85.0
2019,8,2019-08-18,LIPE,Bologna,111,56.0
2019,8,2019-08-19,LIPE,Bologna,114,15.0
2019,8,2019-08-20,LIPE,Bologna,103,6.0
2019,8,2019-08-21,LIPE,Bologna,112,57.0
2019,8,2019-08-22,LIPE,Bologna,102,12.0
2019,8,2019-08-23,LIPE,Bologna,109,32.0
2019,8,2019-08-24,LIPE,Bologna,107,22.0
2019,8,2019-08-25,LIPE,Bologna,119,25.0
2019,8,2019-08-26,LIPE,Bologna,121,7.0
2019,8,2019-08-27,LIPE,Bologna,107,5.0
2019,8,2019-08-28,LIPE,Bologna,119,50.0
2019,8,2019-08-29,LIPE,Bologna,113,21.0
2019,8,2019-08-30,LIPE,Bologna,113,74.0
2019,8,2019-08-31,LIPE,Bologna,110,31.0
2019,9,2019-09-01,LIPE,Bologna,120,48.0
2019,9,2019-09-02,LIPE,Bologna,127,37.0
2019,9,2019-09-03,LIPE,Bologna,121,20.0
2019,9,2019-09-04,LIPE,Bologna,131,43.0
2019,9,2019-09-05,LIPE,Bologna,126,32.0
2019,9,2019-09-06,LIPE,Bologna,123,58.0
2019,9,2019-09-07,LIPE,Bologna,124,15.0
2019,9,2019-09-08,LIPE,Bologna,131,42.0
2019,9,2019-09-09,LIPE,Bologna,123,23.0
2019,9,2019-09-10,LIPE,Bologna,118,40.0
2019,9,2019-09-11,LIPE,Bologna,117,27.0
2019,9,2019-09-12,LIPE,Bologna,123,25.0
2019,9,2019-09-13,LIPE,Bologna,123,32.0
2019,9,2019-09-14,LIPE,Bologna,115,16.0
2019,9,2019-09-15,LIPE,Bologna,122,13.0
2019,9,2019-09-16,LIPE,Bologna,121,41.0
2019,9,2019-09-17,LIPE,Bologna,117,42.0
2019,9,2019-09-18,LIPE,Bologna,116,31.0
2019,9,2019-09-19,LIPE,Bologna,116,28.0
2019,9,2019-09-20,LIPE,Bologna,123,24.0
2019,9,2019-09-21,LIPE,Bologna,113,16.0
2019,9,2019-09-22,LIPE,Bologna,121,72.0
2019,9,2019-09-23,LIPE,Bologna,132,41.0
2019,9,2019-09-24,LIPE,Bologna,117,26.0
2019,9,2019-09-25,LIPE,Bologna,126,26.0
2019,9,2019-09-26,LIPE,Bologna,118,26.0
2019,9,2019-09-27,LIPE,Bologna,123,33.0
2019,9,2019-09-28,LIPE,Bologna,118,108.0
2019,9,2019-09-29,LIPE,Bologna,114,25.0
2019,9,2019-09-30,LIPE,Bologna,119,27.0
2019,10,2019-10-01,LIPE,Bologna,109,16.0
2019,10,2019-10-02,LIPE,Bologna,114,12.0
2019,10,2019-10-03,LIPE,Bologna,102,19.0
2019,10,2019-10-04,LIPE,Bologna,114,28.0
2019,10,2019-10-05,LIPE,Bologna,101,58.0
2019,10,2019-10-06,LIPE,Bologna,107,26.0
2019,10,2019-10-07,LIPE,Bologna,115,38.0
2019,10,2019-10-08,LIPE,Bologna,104,11.0
2019,10,2019-10-09,LIPE,Bologna,108,30.0
2019,10,2019-10-10,LIPE,Bologna,101,11.0
2019,10,2019-10-11,LIPE,Bologna,113,34.0
2019,10,2019-10-12,LIPE,Bologna,105,3.0
2019,10,2019-10-13,LIPE,Bologna,108,12.0
2019,10,2019-10-14,LIPE,Bologna,115,14.0
2019,10,2019-10-15,LIPE,Bologna,111,26.0
2019,10,2019-10-16,LIPE,Bologna,110,23.0
2019,10,2019-10-17,LIPE,Bologna,105,28.0
2019,10,2019-10-18,LIPE,Bologna,111,31.0
2019,10,2019-10-19,LIPE,Bologna,105,4.0
2019,10,2019-10-20,LIPE,Bologna,104,88.0
2019,10,2019-10-21,LIPE,Bologna,110,25.0
2019,10,2019-10-22,LIPE,Bologna,106,8.0
2019,10,2019-10-23,LIPE,Bologna,111,3.0
2019,10,2019-10-24,LIPE,Bologna,105,13.0
2019,10,2019-10-25,LIPE,Bologna,82,131.0
2019,10,2019-10-26,LIPE,Bologna,99,11.0
2019,10,2019-10-27,LIPE,Bologna,99,3.0
2019,10,2019-10-28,LIPE,Bologna,118,40.0
2019,10,2019-10-29,LIPE,Bologna,104,15.0
2019,10,2019-10-30,LIPE,Bologna,97,44.0
2019,10,2019-10-31,LIPE,Bologna,102,64.0
2019,11,2019-11-01,LIPE,Bologna,99,15.0
2019,11,2019-11-02,LIPE,Bologna,85,5.0
2019,11,2019-11-03,LIPE,Bologna,96,31.0
2019,11,2019-11-04,LIPE,Bologna,112,34.0
2019,11,2019-11-05,LIPE,Bologna,102,14.0
2019,11,2019-11-06,LIPE,Bologna,93,79.0
2019,11,2019-11-07,LIPE,Bologna,98,33.0
2019,11,2019-11-08,LIPE,Bologna,110,40.0
2019,11,2019-11-09,LIPE,Bologna,89,7.0
2019,11,2019-11-10,LIPE,Bologna,102,12.0
2019,11,2019-11-11,LIPE,Bologna,110,54.0
2019,11,2019-11-12,LIPE,Bologna,97,43.0
2019,11,2019-11-13,LIPE,Bologna,91,20.0
2019,11,2019-11-14,LIPE,Bologna,103,10.0
2019,11,2019-11-15,LIPE,Bologna,119,45.0
2019,11,2019-11-16,LIPE,Bologna,87,24.0
2019,11,2019-11-17,LIPE,Bologna,94,18.0
2019,11,2019-11-18,LIPE,Bologna,108,28.0
2019,11,2019-11-19,LIPE,Bologna,97,34.0
2019,11,2019-11-20,LIPE,Bologna,89,11.0
2019,11,2019-11-21,LIPE,Bologna,96,32.0
2019,11,2019-11-22,LIPE,Bologna,109,47.0
2019,11,2019-11-23,LIPE,Bologna,85,15.0
2019,11,2019-11-24,LIPE,Bologna,91,21.0
2019,11,2019-11-25,LIPE,Bologna,99,361.0
2019,11,2019-11-26,LIPE,Bologna,94,12.0
2019,11,2019-11-27,LIPE,Bologna,89,5.0
2019,11,2019-11-28,LIPE,Bologna,95,32.0
2019,11,2019-11-29,LIPE,Bologna,114,41.0
2019,11,2019-11-30,LIPE,Bologna,86,17.0
2019,12,2019-12-01,LIPE,Bologna,94,25.0
2019,12,2019-12-02,LIPE,Bologna,114,45.0
2019,12,2019-12-03,LIPE,Bologna,102,41.0
2019,12,2019-12-04,LIPE,Bologna,91,46.0
2019,12,2019-12-05,LIPE,Bologna,90,10.0
2019,12,2019-12-06,LIPE,Bologna,104,72.0
2019,12,2019-12-07,LIPE,Bologna,92,14.0
2019,12,2019-12-08,LIPE,Bologna,87,7.0
2019,12,2019-12-09,LIPE,Bologna,115,51.0
2019,12,2019-12-10,LIPE,Bologna,91,16.0
2019,12,2019-12-11,LIPE,Bologna,89,14.0
2019,12,2019-12-12,LIPE,Bologna,91,72.0
2019,12,2019-12-13,LIPE,Bologna,92,209.0
2019,12,2019-12-14,LIPE,Bologna,84,53.0
2019,12,2019-12-15,LIPE,Bologna,91,21.0
2019,12,2019-12-16,LIPE,Bologna,109,32.0
2019,12,2019-12-17,LIPE,Bologna,90,0.0
2019,12,2019-12-18,LIPE,Bologna,98,87.0
2019,12,2019-12-19,LIPE,Bologna,117,136.0
2019,12,2019-12-20,LIPE,Bologna,115,46.0
2019,12,2019-12-21,LIPE,Bologna,107,98.0
2019,12,2019-12-22,LIPE,Bologna,95,57.0
2019,12,2019-12-23,LIPE,Bologna,111,34.0
2019,12,2019-12-24,LIPE,Bologna,76,53.0
2019,12,2019-12-25,LIPE,Bologna,34,0.0
2019,12,2019-12-26,LIPE,Bologna,93,33.0
2019,12,2019-12-27,LIPE,Bologna,100,20.0
2019,12,2019-12-28,LIPE,Bologna,91,56.0
2019,12,2019-12-29,LIPE,Bologna,89,4.0
2019,12,2019-12-30,LIPE,Bologna,108,62.0
2019,12,2019-12-31,LIPE,Bologna,77,18.0
2024,1,2024-01-01,LIPE,Bologna,99,26.0
2024,1,2024-01-02,LIPE,Bologna,95,66.0
2024,1,2024-01-03,LIPE,Bologna,99,5.0
2024,1,2024-01-04,LIPE,Bologna,96,224.0
2024,1,2024-01-05,LIPE,Bologna,108,44.0
2024,1,2024-01-06,LIPE,Bologna,85,54.0
2024,1,2024-01-07,LIPE,Bologna,91,72.0
2024,1,2024-01-08,LIPE,Bologna,106,42.0
2024,1,2024-01-09,LIPE,Bologna,69,6.0
2024,1,2024-01-10,LIPE,Bologna,75,4.0
2024,1,2024-01-11,LIPE,Bologna,70,19.0
2024,1,2024-01-12,LIPE,Bologna,106,11.0
2024,1,2024-01-13,LIPE,Bologna,74,14.0
2024,1,2024-01-14,LIPE,Bologna,84,33.0
2024,1,2024-01-15,LIPE,Bologna,103,21.0
2024,1,2024-01-16,LIPE,Bologna,69,7.0
2024,1,2024-01-17,LIPE,Bologna,67,10.0
2024,1,2024-01-18,LIPE,Bologna,69,29.0
2024,1,2024-01-19,LIPE,Bologna,103,149.0
2024,1,2024-01-20,LIPE,Bologna,73,22.0
2024,1,2024-01-21,LIPE,Bologna,82,57.0
2024,1,2024-01-22,LIPE,Bologna,103,38.0
2024,1,2024-01-23,LIPE,Bologna,68,20.0
2024,1,2024-01-24,LIPE,Bologna,59,277.0
2024,1,2024-01-25,LIPE,Bologna,65,16.0
2024,1,2024-01-26,LIPE,Bologna,99,48.0
2024,1,2024-01-27,LIPE,Bologna,79,11.0
2024,1,2024-01-28,LIPE,Bologna,82,14.0
2024,1,2024-01-29,LIPE,Bologna,102,90.0
2024,1,2024-01-30,LIPE,Bologna,74,14.0
2024,1,2024-01-31,LIPE,Bologna,73,12.0
2024,2,2024-02-01,LIPE,Bologna,70,17.0
2024,2,2024-02-02,LIPE,Bologna,102,70.0
2024,2,2024-02-03,LIPE,Bologna,76,7.0
2024,2,2024-02-04,LIPE,Bologna,78,11.0
2024,2,2024-02-05,LIPE,Bologna,100,77.0
2024,2,2024-02-06,LIPE,Bologna,74,21.0
2024,2,2024-02-07,LIPE,Bologna,70,5.0
2024,2,2024-02-08,LIPE,Bologna,62,21.0
2024,2,2024-02-09,LIPE,Bologna,97,54.0
2024,2,2024-02-10,LIPE,Bologna,75,18.0
2024,2,2024-02-11,LIPE,Bologna,84,9.0
2024,2,2024-02-12,LIPE,Bologna,103,35.0
2024,2,2024-02-13,LIPE,Bologna,71,3.0
2024,2,2024-02-14,LIPE,Bologna,75,13.0
2024,2,2024-02-15,LIPE,Bologna,74,6.0
2024,2,2024-02-16,LIPE,Bologna,106,31.0
2024,2,2024-02-17,LIPE,Bologna,79,12.0
2024,2,2024-02-18,LIPE,Bologna,88,52.0
2024,2,2024-02-19,LIPE,Bologna,106,22.0
2024,2,2024-02-20,LIPE,Bologna,65,16.0
2024,2,2024-02-21,LIPE,Bologna,69,9.0
2024,2,2024-02-22,LIPE,Bologna,64,24.0
2024,2,2024-02-23,LIPE,Bologna,101,48.0
2024,2,2024-02-24,LIPE,Bologna,77,15.0
2024,2,2024-02-25,LIPE,Bologna,87,41.0
2024,2,2024-02-26,LIPE,Bologna,107,32.0
2024,2,2024-02-27,LIPE,Bologna,74,5.0
2024,2,2024-02-28,LIPE,Bologna,70,9.0
2024,2,2024-02-29,LIPE,Bologna,66,4.0
2024,3,2024-03-01,LIPE,Bologna,110,133.0
2024,3,2024-03-02,LIPE,Bologna,78,37.0
2024,3,2024-03-03,LIPE,Bologna,86,7.0
2024,3,2024-03-04,LIPE,Bologna,109,94.0
2024,3,2024-03-05,LIPE,Bologna,74,4.0
2024,3,2024-03-06,LIPE,Bologna,73,8.0
2024,3,2024-03-07,LIPE,Bologna,68,14.0
2024,3,2024-03-08,LIPE,Bologna,105,50.0
2024,3,2024-03-09,LIPE,Bologna,79,52.0
2024,3,2024-03-10,LIPE,Bologna,91,83.0
2024,3,2024-03-11,LIPE,Bologna,116,48.0
2024,3,2024-03-12,LIPE,Bologna,75,20.0
2024,3,2024-03-13,LIPE,Bologna,74,25.0
2024,3,2024-03-14,LIPE,Bologna,79,26.0
2024,3,2024-03-15,LIPE,Bologna,118,54.0
2024,3,2024-03-16,LIPE,Bologna,84,13.0
2024,3,2024-03-17,LIPE,Bologna,90,26.0
2024,3,2024-03-18,LIPE,Bologna,115,37.0
2024,3,2024-03-19,LIPE,Bologna,76,29.0
2024,3,2024-03-20,LIPE,Bologna,78,15.0
2024,3,2024-03-21,LIPE,Bologna,82,5.0
2024,3,2024-03-22,LIPE,Bologna,115,57.0
2024,3,2024-03-23,LIPE,Bologna,83,57.0
2024,3,2024-03-24,LIPE,Bologna,91,39.0
2024,3,2024-03-25,LIPE,Bologna,115,105.0
2024,3,2024-03-26,LIPE,Bologna,98,25.0
2024,3,2024-03-27,LIPE,Bologna,97,58.0
2024,3,2024-03-28,LIPE,Bologna,106,80.0
2024,3,2024-03-29,LIPE,Bologna,113,106.0
2024,3,2024-03-30,LIPE,Bologna,84,16.0
2024,3,2024-03-31,LIPE,Bologna,110,66.0
2024,4,2024-04-01,LIPE,Bologna,120,40.0
2024,4,2024-04-02,LIPE,Bologna,113,28.0
2024,4,2024-04-03,LIPE,Bologna,128,26.0
2024,4,2024-04-04,LIPE,Bologna,127,143.0
2024,4,2024-04-05,LIPE,Bologna,131,52.0
2024,4,2024-04-06,LIPE,Bologna,111,44.0
2024,4,2024-04-07,LIPE,Bologna,127,47.0
2024,4,2024-04-08,LIPE,Bologna,125,64.0
2024,4,2024-04-09,LIPE,Bologna,122,106.0
2024,4,2024-04-10,LIPE,Bologna,132,98.0
2024,4,2024-04-11,LIPE,Bologna,118,48.0
2024,4,2024-04-12,LIPE,Bologna,138,80.0
2024,4,2024-04-13,LIPE,Bologna,108,30.0
2024,4,2024-04-14,LIPE,Bologna,115,37.0
2024,4,2024-04-15,LIPE,Bologna,139,69.0
2024,4,2024-04-16,LIPE,Bologna,116,35.0
2024,4,2024-04-17,LIPE,Bologna,133,75.0
2024,4,2024-04-18,LIPE,Bologna,135,53.0
2024,4,2024-04-19,LIPE,Bologna,139,70.0
2024,4,2024-04-20,LIPE,Bologna,115,82.0
2024,4,2024-04-21,LIPE,Bologna,125,76.0
2024,4,2024-04-22,LIPE,Bologna,144,86.0
2024,4,2024-04-23,LIPE,Bologna,128,88.0
2024,4,2024-04-24,LIPE,Bologna,134,111.0
2024,4,2024-04-25,LIPE,Bologna,120,142.0
2024,4,2024-04-26,LIPE,Bologna,132,51.0
2024,4,2024-04-27,LIPE,Bologna,112,76.0
2024,4,2024-04-28,LIPE,Bologna,126,31.0
2024,4,2024-04-29,LIPE,Bologna,134,103.0
2024,4,2024-04-30,LIPE,Bologna,116,67.0
2024,5,2024-05-01,LIPE,Bologna,123,81.0
2024,5,2024-05-02,LIPE,Bologna,125,229.0
2024,5,2024-05-03,LIPE,Bologna,141,88.0
2024,5,2024-05-04,LIPE,Bologna,116,38.0
2024,5,2024-05-05,LIPE,Bologna,129,55.0
2024,5,2024-05-06,LIPE,Bologna,134,53.0
2024,5,2024-05-07,LIPE,Bologna,122,70.0
2024,5,2024-05-08,LIPE,Bologna,139,43.0
2024,5,2024-05-09,LIPE,Bologna,131,52.0
2024,5,2024-05-10,LIPE,Bologna,132,66.0
2024,5,2024-05-11,LIPE,Bologna,115,56.0
2024,5,2024-05-12,LIPE,Bologna,125,51.0
2024,5,2024-05-13,LIPE,Bologna,127,294.0
2024,5,2024-05-14,LIPE,Bologna,126,75.0
2024,5,2024-05-15,LIPE,Bologna,139,60.0
2024,5,2024-05-16,LIPE,Bologna,138,73.0
2024,5,2024-05-17,LIPE,Bologna,141,62.0
2024,5,2024-05-18,LIPE,Bologna,118,77.0
2024,5,2024-05-19,LIPE,Bologna,144,59.0
2024,5,2024-05-20,LIPE,Bologna,152,148.0
2024,5,2024-05-21,LIPE,Bologna,128,67.0
2024,5,2024-05-22,LIPE,Bologna,137,44.0
2024,5,2024-05-23,LIPE,Bologna,126,46.0
2024,5,2024-05-24,LIPE,Bologna,139,80.0
2024,5,2024-05-25,LIPE,Bologna,115,80.0
2024,5,2024-05-26,LIPE,Bologna,127,32.0
2024,5,2024-05-27,LIPE,Bologna,136,70.0
2024,5,2024-05-28,LIPE,Bologna,126,25.0
2024,5,2024-05-29,LIPE,Bologna,137,67.0
2024,5,2024-05-30,LIPE,Bologna,139,97.0
2024,5,2024-05-31,LIPE,Bologna,132,73.0
2024,6,2024-06-01,LIPE,Bologna,127,79.0
2024,6,2024-06-02,LIPE,Bologna,146,164.0
2024,6,2024-06-03,LIPE,Bologna,141,145.0
2024,6,2024-06-04,LIPE,Bologna,122,33.0
2024,6,2024-06-05,LIPE,Bologna,139,66.0
2024,6,2024-06-06,LIPE,Bologna,133,35.0
2024,6,2024-06-07,LIPE,Bologna,133,54.0
2024,6,2024-06-08,LIPE,Bologna,129,35.0
2024,6,2024-06-09,LIPE,Bologna,140,88.0
2024,6,2024-06-10,LIPE,Bologna,144,102.0
2024,6,2024-06-11,LIPE,Bologna,130,91.0
2024,6,2024-06-12,LIPE,Bologna,138,88.0
2024,6,2024-06-13,LIPE,Bologna,134,164.0
2024,6,2024-06-14,LIPE,Bologna,141,83.0
2024,6,2024-06-15,LIPE,Bologna,130,17.0
2024,6,2024-06-16,LIPE,Bologna,140,59.0
2024,6,2024-06-17,LIPE,Bologna,136,68.0
2024,6,2024-06-18,LIPE,Bologna,126,51.0
2024,6,2024-06-19,LIPE,Bologna,139,46.0
2024,6,2024-06-20,LIPE,Bologna,131,19.0
2024,6,2024-06-21,LIPE,Bologna,140,36.0
2024,6,2024-06-22,LIPE,Bologna,126,226.0
2024,6,2024-06-23,LIPE,Bologna,136,82.0
2024,6,2024-06-24,LIPE,Bologna,140,47.0
2024,6,2024-06-25,LIPE,Bologna,133,27.0
2024,6,2024-06-26,LIPE,Bologna,137,141.0
2024,6,2024-06-27,LIPE,Bologna,139,51.0
2024,6,2024-06-28,LIPE,Bologna,135,37.0
2024,6,2024-06-29,LIPE,Bologna,132,55.0
2024,6,2024-06-30,LIPE,Bologna,145,68.0
2024,7,2024-07-01,LIPE,Bologna,143,38.0
2024,7,2024-07-02,LIPE,Bologna,132,47.0
2024,7,2024-07-03,LIPE,Bologna,141,22.0
2024,7,2024-07-04,LIPE,Bologna,134,102.0
2024,7,2024-07-05,LIPE,Bologna,122,45.0
2024,7,2024-07-06,LIPE,Bologna,128,65.0
2024,7,2024-07-07,LIPE,Bologna,142,8.0
2024,7,2024-07-08,LIPE,Bologna,138,30.0
2024,7,2024-07-09,LIPE,Bologna,126,42.0
2024,7,2024-07-10,LIPE,Bologna,131,56.0
2024,7,2024-07-11,LIPE,Bologna,124,27.0
2024,7,2024-07-12,LIPE,Bologna,132,62.0
2024,7,2024-07-13,LIPE,Bologna,125,13.0
2024,7,2024-07-14,LIPE,Bologna,136,35.0
2024,7,2024-07-15,LIPE,Bologna,139,58.0
2024,7,2024-07-16,LIPE,Bologna,129,50.0
2024,7,2024-07-17,LIPE,Bologna,131,17.0
2024,7,2024-07-18,LIPE,Bologna,129,31.0
2024,7,2024-07-19,LIPE,Bologna,122,7.0
2024,7,2024-07-20,LIPE,Bologna,129,36.0
2024,7,2024-07-21,LIPE,Bologna,139,38.0
2024,7,2024-07-22,LIPE,Bologna,129,13.0
2024,7,2024-07-23,LIPE,Bologna,131,28.0
2024,7,2024-07-24,LIPE,Bologna,142,33.0
2024,7,2024-07-25,LIPE,Bologna,128,42.0
2024,7,2024-07-26,LIPE,Bologna,133,52.0
2024,7,2024-07-27,LIPE,Bologna,128,11.0
2024,7,2024-07-28,LIPE,Bologna,140,12.0
2024,7,2024-07-29,LIPE,Bologna,140,24.0
2024,7,2024-07-30,LIPE,Bologna,132,81.0
2024,7,2024-07-31,LIPE,Bologna,136,131.0
2024,8,2024-08-01,LIPE,Bologna,131,95.0
2024,8,2024-08-02,LIPE,Bologna,136,55.0
2024,8,2024-08-03,LIPE,Bologna,125,25.0
2024,8,2024-08-04,LIPE,Bologna,133,90.0
2024,8,2024-08-05,LIPE,Bologna,139,13.0
2024,8,2024-08-06,LIPE,Bologna,126,48.0
2024,8,2024-08-07,LIPE,Bologna,127,156.0
2024,8,2024-08-08,LIPE,Bologna,137,81.0
2024,8,2024-08-09,LIPE,Bologna,136,84.0
2024,8,2024-08-10,LIPE,Bologna,129,38.0
2024,8,2024-08-11,LIPE,Bologna,131,75.0
2024,8,2024-08-12,LIPE,Bologna,130,46.0
2024,8,2024-08-13,LIPE,Bologna,121,79.0
2024,8,2024-08-14,LIPE,Bologna,124,16.0
2024,8,2024-08-15,LIPE,Bologna,117,67.0
2024,8,2024-08-16,LIPE,Bologna,130,80.0
2024,8,2024-08-17,LIPE,Bologna,126,14.0
2024,8,2024-08-18,LIPE,Bologna,134,0.0
2024,8,2024-08-19,LIPE,Bologna,131,43.0
2024,8,2024-08-20,LIPE,Bologna,133,33.0
2024,8,2024-08-21,LIPE,Bologna,128,16.0
2024,8,2024-08-22,LIPE,Bologna,136,20.0
2024,8,2024-08-23,LIPE,Bologna,133,119.0
2024,8,2024-08-24,LIPE,Bologna,123,120.0
2024,8,2024-08-25,LIPE,Bologna,133,89.0
2024,8,2024-08-26,LIPE,Bologna,136,44.0
2024,8,2024-08-27,LIPE,Bologna,127,191.0
2024,8,2024-08-28,LIPE,Bologna,137,36.0
2024,8,2024-08-29,LIPE,Bologna,129,51.0
2024,8,2024-08-30,LIPE,Bologna,131,154.0
2024,8,2024-08-31,LIPE,Bologna,128,35.0
2024,9,2024-09-01,LIPE,Bologna,135,83.0
2024,9,2024-09-02,LIPE,Bologna,137,93.0
2024,9,2024-09-03,LIPE,Bologna,127,64.0
2024,9,2024-09-04,LIPE,Bologna,135,16.0
2024,9,2024-09-05,LIPE,Bologna,138,94.0
2024,9,2024-09-06,LIPE,Bologna,132,38.0
2024,9,2024-09-07,LIPE,Bologna,129,13.0
2024,9,2024-09-08,LIPE,Bologna,137,34.0
2024,9,2024-09-09,LIPE,Bologna,138,85.0
2024,9,2024-09-10,LIPE,Bologna,136,77.0
2024,9,2024-09-11,LIPE,Bologna,138,69.0
2024,9,2024-09-12,LIPE,Bologna,126,60.0
2024,9,2024-09-13,LIPE,Bologna,125,59.0
2024,9,2024-09-14,LIPE,Bologna,127,45.0
2024,9,2024-09-15,LIPE,Bologna,128,73.0
2024,9,2024-09-16,LIPE,Bologna,143,48.0
2024,9,2024-09-17,LIPE,Bologna,127,45.0
2024,9,2024-09-18,LIPE,Bologna,125,187.0
2024,9,2024-09-19,LIPE,Bologna,120,71.0
2024,9,2024-09-20,LIPE,Bologna,133,64.0
2024,9,2024-09-21,LIPE,Bologna,127,124.0
2024,9,2024-09-22,LIPE,Bologna,139,39.0
2024,9,2024-09-23,LIPE,Bologna,149,100.0
2024,9,2024-09-24,LIPE,Bologna,93,60.0
2024,9,2024-09-25,LIPE,Bologna,132,67.0
2024,9,2024-09-26,LIPE,Bologna,130,131.0
2024,9,2024-09-27,LIPE,Bologna,139,161.0
2024,9,2024-09-28,LIPE,Bologna,125,39.0
2024,9,2024-09-29,LIPE,Bologna,136,160.0
2024,9,2024-09-30,LIPE,Bologna,134,21.0
2024,10,2024-10-01,LIPE,Bologna,123,55.0
2024,10,2024-10-02,LIPE,Bologna,137,50.0
2024,10,2024-10-03,LIPE,Bologna,137,93.0
2024,10,2024-10-04,LIPE,Bologna,126,40.0
2024,10,2024-10-05,LIPE,Bologna,126,27.0
2024,10,2024-10-06,LIPE,Bologna,131,42.0
2024,10,2024-10-07,LIPE,Bologna,140,49.0
2024,10,2024-10-08,LIPE,Bologna,135,25.0
2024,10,2024-10-09,LIPE,Bologna,129,57.0
2024,10,2024-10-10,LIPE,Bologna,135,50.0
2024,10,2024-10-11,LIPE,Bologna,148,122.0
2024,10,2024-10-12,LIPE,Bologna,118,29.0
2024,10,2024-10-13,LIPE,Bologna,131,73.0
2024,10,2024-10-14,LIPE,Bologna,134,113.0
2024,10,2024-10-15,LIPE,Bologna,123,36.0
2024,10,2024-10-16,LIPE,Bologna,129,39.0
2024,10,2024-10-17,LIPE,Bologna,127,23.0
2024,10,2024-10-18,LIPE,Bologna,138,83.0
2024,10,2024-10-19,LIPE,Bologna,117,28.0
2024,10,2024-10-20,LIPE,Bologna,145,109.0
2024,10,2024-10-21,LIPE,Bologna,132,37.0
2024,10,2024-10-22,LIPE,Bologna,121,56.0
2024,10,2024-10-23,LIPE,Bologna,133,44.0
2024,10,2024-10-24,LIPE,Bologna,130,46.0
2024,10,2024-10-25,LIPE,Bologna,129,73.0
2024,10,2024-10-26,LIPE,Bologna,112,92.0
2024,10,2024-10-27,LIPE,Bologna,106,17.0
2024,10,2024-10-28,LIPE,Bologna,116,18.0
2024,10,2024-10-29,LIPE,Bologna,107,0.0
2024,10,2024-10-30,LIPE,Bologna,104,13.0
2024,10,2024-10-31,LIPE,Bologna,112,32.0
2024,11,2024-11-01,LIPE,Bologna,103,42.0
2024,11,2024-11-02,LIPE,Bologna,92,28.0
2024,11,2024-11-03,LIPE,Bologna,107,21.0
2024,11,2024-11-04,LIPE,Bologna,113,89.0
2024,11,2024-11-05,LIPE,Bologna,77,22.0
2024,11,2024-11-06,LIPE,Bologna,75,3.0
2024,11,2024-11-07,LIPE,Bologna,79,92.0
2024,11,2024-11-08,LIPE,Bologna,114,15.0
2024,11,2024-11-09,LIPE,Bologna,93,36.0
2024,11,2024-11-10,LIPE,Bologna,102,35.0
2024,11,2024-11-11,LIPE,Bologna,109,25.0
2024,11,2024-11-12,LIPE,Bologna,77,8.0
2024,11,2024-11-13,LIPE,Bologna,77,6.0
2024,11,2024-11-14,LIPE,Bologna,78,23.0
2024,11,2024-11-15,LIPE,Bologna,116,58.0
2024,11,2024-11-16,LIPE,Bologna,93,37.0
2024,11,2024-11-17,LIPE,Bologna,101,53.0
2024,11,2024-11-18,LIPE,Bologna,111,31.0
2024,11,2024-11-19,LIPE,Bologna,84,73.0
2024,11,2024-11-20,LIPE,Bologna,74,8.0
2024,11,2024-11-21,LIPE,Bologna,86,12.0
2024,11,2024-11-22,LIPE,Bologna,113,118.0
2024,11,2024-11-23,LIPE,Bologna,93,5.0
2024,11,2024-11-24,LIPE,Bologna,97,86.0
2024,11,2024-11-25,LIPE,Bologna,106,59.0
2024,11,2024-11-26,LIPE,Bologna,75,7.0
2024,11,2024-11-27,LIPE,Bologna,71,10.0
2024,11,2024-11-28,LIPE,Bologna,83,54.0
2024,11,2024-11-29,LIPE,Bologna,105,73.0
2024,11,2024-11-30,LIPE,Bologna,96,59.0
2024,12,2024-12-01,LIPE,Bologna,101,24.0
2024,12,2024-12-02,LIPE,Bologna,110,39.0
2024,12,2024-12-03,LIPE,Bologna,80,7.0
2024,12,2024-12-04,LIPE,Bologna,71,12.0
2024,12,2024-12-05,LIPE,Bologna,80,45.0
2024,12,2024-12-06,LIPE,Bologna,111,68.0
2024,12,2024-12-07,LIPE,Bologna,94,32.0
2024,12,2024-12-08,LIPE,Bologna,96,11.0
2024,12,2024-12-09,LIPE,Bologna,106,32.0
2024,12,2024-12-10,LIPE,Bologna,73,14.0
2024,12,2024-12-11,LIPE,Bologna,69,11.0
2024,12,2024-12-12,LIPE,Bologna,80,9.0
2024,12,2024-12-13,LIPE,Bologna,119,186.0
2024,12,2024-12-14,LIPE,Bologna,93,38.0
2024,12,2024-12-15,LIPE,Bologna,100,36.0
2024,12,2024-12-16,LIPE,Bologna,111,47.0
2024,12,2024-12-17,LIPE,Bologna,73,65.0
2024,12,2024-12-18,LIPE,Bologna,73,10.0
2024,12,2024-12-19,LIPE,Bologna,106,152.0
2024,12,2024-12-20,LIPE,Bologna,121,85.0
2024,12,2024-12-21,LIPE,Bologna,94,54.0
2024,12,2024-12-22,LIPE,Bologna,103,33.0
2024,12,2024-12-23,LIPE,Bologna,109,45.0
2024,12,2024-12-24,LIPE,Bologna,74,48.0
2024,12,2024-12-25,LIPE,Bologna,38,8.0
2024,12,2024-12-26,LIPE,Bologna,86,22.0
2024,12,2024-12-27,LIPE,Bologna,112,37.0
2024,12,2024-12-28,LIPE,Bologna,95,0.0
2024,12,2024-12-29,LIPE,Bologna,100,33.0
2024,12,2024-12-30,LIPE,Bologna,109,57.0
2024,12,2024-12-31,LIPE,Bologna,89,56.0
2025,1,2025-01-01,LIPE,Bologna,85,25.0
2025,1,2025-01-02,LIPE,Bologna,104,55.0
2025,1,2025-01-03,LIPE,Bologna,110,85.0
2025,1,2025-01-04,LIPE,Bologna,94,16.0
2025,1,2025-01-05,LIPE,Bologna,101,84.0
2025,1,2025-01-06,LIPE,Bologna,99,56.0
2025,1,2025-01-07,LIPE,Bologna,94,27.0
2025,1,2025-01-08,LIPE,Bologna,65,5.0
2025,1,2025-01-09,LIPE,Bologna,71,20.0
2025,1,2025-01-10,LIPE,Bologna,113,127.0
2025,1,2025-01-11,LIPE,Bologna,79,55.0
2025,1,2025-01-12,LIPE,Bologna,89,12.0
2025,1,2025-01-13,LIPE,Bologna,107,45.0
2025,1,2025-01-14,LIPE,Bologna,65,34.0
2025,1,2025-01-15,LIPE,Bologna,64,11.0
2025,1,2025-01-16,LIPE,Bologna,69,9.0
2025,1,2025-01-17,LIPE,Bologna,107,137.0
2025,1,2025-01-18,LIPE,Bologna,72,30.0
2025,1,2025-01-19,LIPE,Bologna,92,18.0
2025,1,2025-01-20,LIPE,Bologna,105,82.0
2025,1,2025-01-21,LIPE,Bologna,65,18.0
2025,1,2025-01-22,LIPE,Bologna,72,57.0
2025,1,2025-01-23,LIPE,Bologna,68,11.0
2025,1,2025-01-24,LIPE,Bologna,114,99.0
2025,1,2025-01-25,LIPE,Bologna,68,5.0
2025,1,2025-01-26,LIPE,Bologna,93,48.0
2025,1,2025-01-27,LIPE,Bologna,104,15.0
2025,1,2025-01-28,LIPE,Bologna,65,32.0
2025,1,2025-01-29,LIPE,Bologna,63,7.0
2025,1,2025-01-30,LIPE,Bologna,69,20.0
2025,1,2025-01-31,LIPE,Bologna,115,31.0
2025,2,2025-02-01,LIPE,Bologna,83,
2025,2,2025-02-02,LIPE,Bologna,96,
2025,2,2025-02-03,LIPE,Bologna,103,
2025,2,2025-02-04,LIPE,Bologna,71,
2025,2,2025-02-05,LIPE,Bologna,75,
2025,2,2025-02-06,LIPE,Bologna,70,
2025,2,2025-02-07,LIPE,Bologna,110,
2025,2,2025-02-08,LIPE,Bologna,86,
2025,2,2025-02-09,LIPE,Bologna,96,
2025,2,2025-02-10,LIPE,Bologna,110,
2025,2,2025-02-11,LIPE,Bologna,69,
2025,2,2025-02-12,LIPE,Bologna,75,
2025,2,2025-02-13,LIPE,Bologna,72,
2025,2,2025-02-14,LIPE,Bologna,112,
2025,2,2025-02-15,LIPE,Bologna,94,
2025,2,2025-02-16,LIPE,Bologna,98,
2025,2,2025-02-17,LIPE,Bologna,111,
2025,2,2025-02-18,LIPE,Bologna,84,
2025,2,2025-02-19,LIPE,Bologna,87,
2025,2,2025-02-20,LIPE,Bologna,87,
2025,2,2025-02-21,LIPE,Bologna,114,
2025,2,2025-02-22,LIPE,Bologna,88,
2025,2,2025-02-23,LIPE,Bologna,98,
2025,2,2025-02-24,LIPE,Bologna,109,
2025,2,2025-02-25,LIPE,Bologna,75,
2025,2,2025-02-26,LIPE,Bologna,73,
2025,2,2025-02-27,LIPE,Bologna,79,
2025,2,2025-02-28,LIPE,Bologna,110,
